439023483|The Hunger Games
439554934|Harry Potter and the Philosopher's Stone
316015849|Twilight
61120081|To Kill a Mockingbird
743273567|The Great Gatsby
525478817|The Fault in Our Stars
618260307|The Hobbit or There and Back Again
316769177|The Catcher in the Rye
679783261|Pride and Prejudice
1594480001|The Kite Runner 
62024035|Divergent
451524934|Nineteen Eighty-Four
452284244|Animal Farm: A Fairy Story
553296981|Het Achterhuis: Dagboekbrieven 14 juni 1942 - 1 augustus 1944
439023491|Catching Fire
043965548X|Harry Potter and the Prisoner of Azkaban
618346252| The Fellowship of the Ring
439023513|Mockingjay
439358078|Harry Potter and the Order of the Phoenix
316166685|The Lovely Bones
439064864|Harry Potter and the Chamber of Secrets
439139600|Harry Potter and the Goblet of Fire
545010225|Harry Potter and the Deathly Hallows
307277674|The Da Vinci Code
439785960|Harry Potter and the Half-Blood Prince
140283331|Lord of the Flies 
743477111|An Excellent conceited Tragedie of Romeo and Juliet
297859382|Gone Girl
399155341|The Help
142000671|Of Mice and Men 
739326228|Memoirs of a Geisha
1612130291|Fifty Shades of Grey
61122416|O Alquimista
385732554|The Giver
60764899|The Lion, the Witch and the Wardrobe
965818675|The Time Traveler's Wife
553588486|A Game of Thrones
143038419|Eat, pray, love: one woman's search for everything across Italy, India and Indonesia
786838655|The Lightning Thief
451529308|Little Women
142437204|Jane Eyre
553816713|The Notebook
770430074|Life of Pi
1565125606|Water for Elephants
375831002|The Book Thief
307347974|Fahrenheit 451
60513039|Where the Sidewalk Ends: The Poems and Drawings of Shel Silverstein
1416914285|City of Bones
316160202|Eclipse
375826696|Eragon
345391802|The Hitchhiker's Guide to the Galaxy
60929871|Brave New World
031606792X|Breaking Dawn
142001740|The Secret Life of Bees
142437174|The Adventures of Huckleberry Finn
64410935|Charlotte's Web
1400032717|The Curious Incident of the Dog in the Night-Time
1594633665|The Girl on the Train
679879242|Northern Light
393978893|Wuthering Heights
743454537|My Sister's Keeper
385333846|Slaughterhouse-Five
1594489505|A Thousand Splendid Suns
671027344|The Perks of Being a Wallflower
7442912|Insurgent
812550706|Ender's Game
141439475|Frankenstein; or, The Modern Prometheus
450040186|The Shining
316068047|The Host
142402516|Looking for Alaska
141439661|Sense and Sensibility
439244196|Holes
307275558|The Devil Wears Prada
156012197|Le Petit Prince
074324754X|The Glass Castle
385486804|Into the Wild
141439602|A Tale of Two Cities
030734813X|Jurassic Park
60256656|The Giving Tree
385338600|A Time to Kill
374500010|Un di Velt Hot Geshvign
014241493X|Paper Towns
345418263|The Princess Bride
014038572X|The Outsiders
385737947|The Maze Runner
61234001|Freakonomics: A Rogue Economist Explores the Hidden Side of Everything
517189607|The Secret Garden
375751513|The Picture of Dorian Gray
345803507|Fifty Shades Freed
393970124|Dracula
307269981|Flickan som lekte med elden
1612130585|Fifty Shades Darker
60786507|The Poisonwood Bible
349113912|Me Talk Pretty One Day
99408392|Where the Wild Things Are
140449264|Le Comte de Monte-Cristo
307265439|The Road
7524277|Allegiant
446693804|A Walk to Remember
440241413|Confessions of a Shopaholic
553381695|A Clash of Kings
143037145|The Memory Keeper's Daughter
670026603|Me Before You
684833395|Catch-22
751529818|Tuesdays with Morrie
312422156|Middlesex
143039563|The Adventures of Tom Sawyer
440498058|A Wrinkle in Time
143038095|The Joy Luck Club
038549081X|The Handmaid's Tale
385729332|The Sisterhood of the Traveling Pants
60987103|Wicked: The Life and Times of the Wicked Witch of the West
582418275|The Firm
316098337|Room
521618746|The Tragicall Historie of Hamlet, Prince of Denmark
340839937|Dune
316346624|The Tipping Point: How Little Things Can Make a Big Difference
1451648537|Steve Jobs
451163966|One Flew Over the Cuckoo's Nest
684830493|The Old Man and the Sea
142000663|The Grapes of Wrath
1401308589|The Five People You Meet in Heaven
451528824|Anne of Green Gables
1416914307|City of Glass
055357342X|A Storm of Swords
006075995X|Divine Secrets of the Ya-Ya Sisterhood
440242940|Outlander
142437263|The Scarlet Letter
804139024|The Martian
451207149|The Pillars of the Earth
1400064163|Unbroken: A World War II Story of Survival, Resilience, and Redemption
671027387|Deception Point
316055433|The Goldfinch
1595141715|Thirteen Reasons Why
452287022|Girl with a Pearl Earring
525421033|If I Stay
312353766|The Red Tent
786856866|The Sea of Monsters
446528056|Dear John
1416914293|City of Ashes
743477103|The Tragedy of Macbeth
618346260|The Two Towers
031232118X|Something Borrowed
394800168|Green Eggs and Ham
142403881|Charlie and the Chocolate Factory
1423101464|The Battle of the Labyrinth
192833596|Great Expectations
345339738|The Return of the King
142311339X|The Lost Hero
055358202X|A Feast for Crows
525423648|Matched
747263744|American Gods
385199570|The Stand
446547565|The Last Song
552151696|Digital Fortress
141439580|Emma
393312836|A Clockwork Orange
964729237|The Shack: Where Tragedy Confronts Eternity
739380338|The Last Olympian
451169514|It
61148512|The Bell Jar
7205236|Angela's Ashes: A Memoir
553208845|Siddhartha
679745580|In Cold Blood
316042676|Beautiful Creatures
1416975861|Clockwork Angel
141301066|Matilda
385534639|The Night Circus
743227441|The Other Boleyn Girl
689865384|Uglies
618640150|The Lord of the Rings
307592731|Wild: From Lost to Found on the Pacific Crest Trail 
930289234|Watchmen
075640407X|The Name of the Wind
316017922|Outliers: The Story of Success
142437247|Moby Dick; or, The Whale
385340990|The Guernsey Literary and Potato Peel Pie Society
393327345|Fight Club
441008534|Dead Until Dark
671727796|The Color Purple
312330871|Ten Little Niggers
385504225|The Lost Symbol
1416989412|Hush, Hush
1561797464|A Christmas Carol
345476875|Interview with the Vampire
62059939|The Selection
312362080|One for the Money
1400052173|The Immortal Life of Henrietta Lacks
99446782|The Silence of the Lambs
316010669|Blink: The Power of Thinking Without Thinking
038572179X|Atonement
553213695|Die Verwandlung
141382899|The Titan's Curse
1554681723|The Art of Racing in the Rain
739303406|The Devil in the White City: Murder, Magic, and Madness at the Fair that Changed America
425263908|Bared to You
66238501|The Chronicles of Narnia
316043133|Twilight: The Complete Illustrated Movie Companion
752864327|The Bourne Identity
786817879|Artemis Fowl
385738935|Fallen
142000655|East of Eden  
307341569|Dark Places
385339089|The Client
312291639|The Nanny Diaries
451527747|Alice's Adventures in Wonderland
192802631|Persuasion
312370830|Elle s'appelait Sarah
452284694|The Gunslinger
014131088X|Speak
399159347|The Husband's Secret 
385494785|Into Thin Air: A Personal Account of the Mt. Everest Disaster
1416524304|Carrie
031242227X|Running with Scissors
307346609|World War Z: An Oral History of the Zombie War
385537859|Inferno
440227534|Number the Stars
446692638|Along Came a Spider
450417395|Misery
307341542|Sharp Objects
439366771|Bridge to Terabithia
312360266|Marked
743269519|The 7 Habits of Highly Effective People
743477545|A Midsummer Night's Dream
618711651|Extremely Loud and Incredibly Close
375869026|Wonder
039480001X|The Cat in the Hat
312641893|Cinder
316206849|The Cuckoo's Calling
545123267|Shiver
452011876|Atlas Shrugged
143038257|Three Cups of Tea 
143034901|La sombra del viento
385738757|The Scorch Trials
767900383|Under the Tuscan Sun
399167064|Big Little Lies
590920685|Ella Enchanted
743297334|The Sun Also Rises
61120073|A Tree Grows In Brooklyn 
446677388|Kiss the Girls
312577222|The Nightingale
1400078776|Never Let Me Go
786890754|PS, I Love You
1844080382|Rebecca
156030306|Flowers for Algernon
552995878|Como agua para chocolate
812968069|Snow Flower and the Secret Fan
451205766|The Godfather
525476881|An Abundance of Katherines
553803719|Foundation
62255657|The Ocean at the End of the Lane
60513063|A Light in the Attic
751565350|Harry Potter and the Cursed Child, Parts One and Two
61726834|Delirium
385339704|The Pelican Brief
61139378|Coraline
60853980|Good Omens: The Nice and Accurate Prophecies of Agnes Nutter, Witch
140042598|On the Road
1476729085|The Rosie Project
446579939|The Lucky One
451191153|The Fountainhead
425172902|The Hunt for Red October
038039586X|Watership Down
307886263|Is Everyone Hanging Out Without Me? (And Other Concerns)
375414495|Cutting for Stone
006112527X|The Voyage of the Dawn Treader
753453800|Treasure Island
1423140591|The Son of Neptune 
241003008|The Very Hungry Caterpillar
140285601|Cat's Cradle
451528557|The Time Machine
385751060|The Boy in the Striped Pyjamas
1892295490|Heart of Darkness
044654759X|Safe Haven
1582701709|The Secret
60987561|I Know This Much Is True 
1416524347|Pet Sematary
671021001|She's Come Undone
756404738|The Wise Man's Fear
440241901|Can You Keep a Secret?
1442403543|City of Fallen Angels
743418174|Good in Bed
380018179|The Thorn Birds
60530928|The Graveyard Book
1451681739|The Light Between Oceans
439709105|Tintenherz
91883768|Who Moved My Cheese?
307279464|A Walk in the Woods
553279378|I Know Why the Caged Bird Sings
61950726|Orphan Train
1442416866|City of Lost Souls
316204277|Where'd You Go, Bernadette
375806814|Where the Red Fern Grows
60557818|Neverwhere
552135399|A Prayer for Owen Meany
316182540|White Oleander
039925675X|Legend
743496728|Nineteen Minutes
1401323251|The Last Lecture
812511816|The Eye of the World
61150142|The Pact
60764902|The magician's nephew
595440096|Still Alice
425263916|Reflected in You
375814248|James and the Giant Peach
446696617|1st To Die
345453743|The Ultimate Hitchhiker's Guide: Five Complete Novels and One Story
340896965|One Day
61969559|I Am Number Four
316228532|The Casual Vacancy
385339690|The Runaway Jury
316777730|Naked
375840400|Eldest
140621679|The Wonderful Wizard of Oz
000720230X|Prince Caspian: The Return to Narnia
450031063|Salem's Lot
679785892|Fear and Loathing in Las Vegas: A Savage Journey to the Heart of the American Dream
1416975888|Clockwork Prince
62268341|Yes Please
743477553|The Tragedy of Othello, The Moor of Venice
1400033411|Beloved
015206396X|Graceling
439206472|The Bad Beginning
449213943|Im Westen nichts Neues
679805273|Oh, the Places You'll Go!
159463176X|And The Mountains Echoed
345404475|Do Androids Dream of Electric Sheep?
141439742|Oliver Twist
60652896|A Grief Observed
525423273|Anna and the French Kiss
7173040|How the Grinch Stole Christmas!
1401207928|V for Vendetta
743223136|John Adams
553384287|Odd Thomas
679879250|The Subtle Knife
439488400|Stargirl
1423113381|The Red Pyramid
441788386|Stranger in a Strange Land
965904830|Dress Your Family in Corduroy and Denim
141311371|The BFG
076790818X|A Short History of Nearly Everything
439227143|The Call of the Wild
385738773|The Death Cure
61142026|Stardust
618485228|The Namesake
670022411|A Discovery of Witches
446672211|Where the Heart Is
525421580|Will Grayson, Will Grayson
307276902|A Million Little Pieces
1595141758|Frostbite
307352145|Quiet: The Power of Introverts in a World that Can't Stop Talking
440439884|Island of the Blue Dolphins
142437336|The Crucible
689840926|Hatchet
076531178X|Mistborn : The Final Empire
451528956|The Strange Case of Dr Jekyll and Mr Hyde
679889108|The Lorax
810993139|Greg Heffley's Journal
1599906953|Throne of Glass
1595141979|Shadow Kiss
684803356|For Whom the Bell Tolls
345505336|Hotel on the Corner of Bitter and Sweet
60838582|Fast Food Nation : The Dark Side of the All-American Meal 
747599874|The Tales of Beedle the Bard
441569595|Neuromancer
99910101|A Farewell to Arms
553212281|The Tell-Tale Heart
385344228|Defending Jacob
385334206|Breakfast of Champions
60838728|Bel Canto
739467352|Guns, Germs, and Steel: The Fates of Human Societies
375508414|Fried Green Tomatoes at the Whistle Stop Cafe
385474547|Things Fall Apart
385338694|The Undomestic Goddess
1881273156|The Five Love Languages: How to Express Heartfelt Commitment to Your Mate
1416589643|The Other Hand
031253275X|Evermore
590032496|The Witches
743298020|The Thirteenth Tale
1595142509|Spirit Bound
1595141987|Blood Promise
446676071|Message in a Bottle
345521307|The Paris Wife
545044251|Complete Harry Potter Boxed Set
62059963|The Elite
156001314|Il nome della rosa
1416914633|Go Ask Alice
802130208|A Confederacy of Dunces
158049580X|The Importance of Being Earnest
1423140605|The Mark of Athena
60855924|The Colour of Magic
525945563|Red Dragon
553803700|I, Robot
451216954|Dark Lover
1416989439|Crescendo
61726818|Before I Fall
679457313|The God of Small Things
670024783|The Invention of Wings
141043768|What Alice Forgot
553380168|A Brief History of Time: From the Big Bang to Black Holes
525951652|Fall of Giants
1439148503|Under the Dome
553380958|Snow Crash
670061050|Just Listen
525467564|Winnie-the-Pooh
62060554|Before I Go to Sleep
1420925539|A Study in Scarlet
375826726|Brisingr
310276993|The Purpose Driven Life: What on Earth am I Here For?
312360282|Betrayed: a House of Night Novel
451457811|Storm Front
1593082649|Northanger Abbey
399162410|The 5th Wave
802142842|Cold Mountain
60245867|If You Give a Mouse a Cookie
312323867|Something Blue
822210894|A Streetcar Named Desire
751537284|The Historian
385353308|Station Eleven
1476738017|En man som heter Ove
1406321346|Clockwork Princess
1416500189|The Good Earth
385335970|Dragonfly in Amber
743495667|In Her Shoes
345368584|The Hobbit
1594489580|The Brief Wondrous Life of Oscar Wao
61120065|Their Eyes Were Watching God
439321603|Fantastic Beasts and Where to Find Them
316322407|I Am Malala: The Girl Who Stood Up for Education and Was Shot by the Taliban
141439807|Mansfield Park
670038601|In the Woods
618680004|The God Delusion
525422943|Where She Went
345915593|The World According to Garp
515141429|Killing Floor
375757325|The Life and Strange Surprising Adventures of Robinson Crusoe of York, Mariner
937832383|Il Principe
440238153|The Amber Spyglass
765346524|Wizard's First Rule
1439153663|The Kitchen House
316769029|Franny and Zooey
385720920|Choke
375822747|The City of Ember
60541814|The Andromeda Strain
451933028|The Green Mile
000100039X|The Prophet
394541553|Maus: A Survivor's Tale : My Father Bleeds History
312379838|Untamed: A House of Night Novel
812550757|Speaker for the Dead
684823780|Mere Christianity
1400031702|The Secret History
375725784|A Heartbreaking Work of Staggering Genius
553381679|The Clan of the Cave Bear
439228905|Black Beauty
679735771|American Psycho
613371658|The Princess Diaries
1400034779|The No. 1 Ladies' Detective Agency 
1582406723|The Walking Dead, Vol. 1: Days Gone Bye
451457994|2001: A Space Odyssey
842342702|Left Behind:  A Novel of the Earth's Last Days
62059998|The One
545265355|The Hunger Games Box Set
805063897|Nickel and Dimed: On (Not) Getting By in America
593053893|Remember Me?
812517725|The Great Hunt
743477154|Post-Mortem:  A Mystery Introducing Dr. Kay Scarpetta
385074077|The Complete Tales of Edgar Allan Poe
553256696|The Hiding Place
192835084|The Adventures of Sherlock Holmes
553381547|The Prince of Tides
802798233|Perfect Chemistry
805072454|Peter Pan
689865392|Pretties
739465511|The Lincoln Lawyer 
375507256|Cloud Atlas
767902890|The Things They Carried
006197806X|Pandemonium
307277887|Darkly Dreaming Dexter
1841493007|Living Dead in Dallas
765305119|The Dragon Reborn 
743482751|Much Ado About Nothing
393320979|Beowulf
1401207529|Batman: Year One
62409859|Go Set a Watchman
316143472|When You Are Engulfed in Flames
1409151174|Red Queen
1400069289|The Power of Habit
679751521|Midnight in the Garden of Good and Evil
1301949825|Hopeless
142437018|A Little Princess
142406252|The Truth About Forever
439861365|The horse and his boy
1595143068|Last Sacrifice 
64400026|Little House on the Prairie
380002558|The Velveteen Rabbit
60589469|Zen and the Art of Motorcycle Maintenance
375759239|The War of the Worlds
60887303|Pretty Little Liars
670241334|Corduroy
1594200823|The Omnivore's Dilemma
316176486|Life After Life
446696129|The Rescue
045057458X|Needful Things
385335997|Voyager
307348245|Cujo
747560595|The Virgin Suicides
441012183|Dead to the World
141439599|Tess of the d'Urbervilles: A Pure Woman Faithfully Presented
192840398|Madame Bovary
394820371|The Phantom Tollbooth
765326353|The Way of Kings
1841493015|Club Dead
078685197X|It's Kind of a Funny Story
034552554X|The Language of Flowers
156389341X|Batman: The Dark Knight Returns
446617792|The Angel Experiment
1573225517|High Fidelity
446696110|The Guardian
385721676|Oryx and Crake
60574216|Men Are from Mars, Women Are from Venus Book of Days: 365 Inspirations to Enrich Your Relationships
60899220|Kitchen Confidential: Adventures in the Culinary Underbelly
99244721|Timeline
486266893|Candide
374480095|Tuck Everlasting
2253147699|Christine
1713221|Are You My Mother?
312642962|Scarlet
751532711|Rich Dad , Poor Dad
1442426640|Silence 
670020559|The Magicians
689875347|A Great and Terrible Beauty
60529709|Everything Is Illuminated
752863886|The Bourne Supremacy
425266745|Easy
140439447|David Copperfield
316013684|The Absolutely True Diary of a Part-Time Indian
553383043|A Wizard of Earthsea
763616052|Because of Winn-Dixie
743253973|A Separate Peace
385339607|The Rainmaker
142437239|Don Quijote de La Mancha
6480098|Assassin's Apprentice
345418921|The Restaurant at the End of the Universe
385739141|Torment
723247706|The Tale of Peter Rabbit
64405044|The Silver Chair
765316897|The Hero of Ages
679746048|Girl, Interrupted
61173398|Are You There, Vodka? It's Me, Chelsea
743278909|Jonathan Livingston Seagull
1481426303|City of Heavenly Fire
920668372|Love You Forever
1416524517|Cell
067002581X|The Boys in the Boat: Nine Americans and Their Epic Quest for Gold at the 1936 Berlin Olympics
618391118|The Silmarillion
451210859|The Drawing of the Three
330449605|The Forgotten Garden
142501557|This Lullaby
743275012|Plain Truth
385523386|Orange Is the New Black: My Year in a Women's Prison
451528018|The Hound of the Baskervilles
374275637|Thinking, Fast and Slow
345350499|The Mists of Avalon
689841582|Are You There God? It's Me, Margaret
446612707|Nights in Rodanthe
1476754454|Mr. Mercedes
441014941|All Together Dead
375706771|Midwives
395389496|The Polar Express
140544518|The True Story of the Three Little Pigs
425134350|Patriot Games
61124265|Veronika decide morrer
385349947|Lean In: Women, Work, and the Will to Lead
441013333|Dead as a Doornail 
441783589|Starship Troopers
385342063|I've Got Your Number
1857993284|Sofies Verden
553278223|The Martian Chronicles
307592839|A Visit From the Goon Squad
753454947|Heidi
61015725|Prey
7202326|The Last Battle
525950079|World Without End
312360304|Chosen: A House of Night Novel
140424385|Tales of Caunterbury
312348649|Baby Proof
375856110|Inheritance
1840224029|Uncle Tom's Cabin or Life Among the Lowly
156007754|Ensaio Sobre a Cegueira
374158460|Freedom
142421715|Crossed
1423100034|I'd Tell You I Love You, But Then I'd Have to Kill You
1416562591|The White Tiger
1841156736|The Corrections
1921351438|Dreams from My Father
60541830|Congo
689711735|Alexander and the Terrible, Horrible, No Good, Very Bad Day
618101365|Interpreter of Maladies
60838655|A People's History of the United States: 1492 to Present 
679745653|Breakfast at Tiffany's
345504968|The Passage
60515198|Anansi Boys
670011940|Along for the Ride
159420571X|Everything I Never Told You
451155750|The Dead Zone
646418432|The Mysterious Affair at Styles
425200450|Murder in the Calais Coach
307271080|Americanah
446611085|Suzanne's Diary for Nicholas
451167805|Firestarter
425263924|Entwined with You
307266303|Born to Run: A Hidden Tribe, Superathletes, and the Greatest Race the World Has Never Seen
1616203218|The Storied Life of A.J. Fikry
590133373|Mad About Madeline
1585424331|Think and Grow Rich
60885378|Little House In The Big Woods
446696137|A Bend in the Road
1423146727|The House of Hades
61448761|Gone
446615862|The Wedding
743226720|1776
330419129|Under the Banner of Heaven: A Story of Violent Faith
61928127|Beautiful Ruins
307237699|The Audacity of Hope: Thoughts on Reclaiming the American Dream
743455967|On Writing: A Memoir of the Craft
312364083|Firefly Lane
345418972|Sphere
312348673|Love the One You're With
316206873|The Silkworm
345476883|The Vampire Lestat
62049801|State of Wonder
374533571|The Silver Linings Playbook
076072850X|Vingt Mille Lieues Sous les Mers
743272498|The Constant Princess
151009988|Mrs Dalloway
067102423X|Bag of Bones
786226749|The Cider House Rules
451190750|Thinner
014044906X|Le tour du monde en quatre-vingts jours
60739495|Walk Two Moons
60589280|Onze minutos
316767727|Nine Stories
1416912045|Unwind
399256768|Prodigy
074348276X|The Tragedie of King Lear
435233076|Death of a Salesman
446579920|The Choice
452287588|A New Earth: Awakening to Your Life's Purpose
812513738|The Shadow Rising 
192076920X|Shantaram
441015891|From Dead to Worse
670032565|The Waste Lands
451188454|The Bone Collector
375408266|Der Vorleser
805047905|Brown Bear, Brown Bear, What Do You See?
553283685|Hyperion
142000698|The Pearl of the World
61007226|The Exorcist
031612558X|The Short Second Life of Bree Tanner
067976402X|Snow Falling on Cedars
440174643|Roots
930289455|Batman: The Killing Joke 
679732764|Invisible Man
374105235|A Long Way Gone. Memoirs of a Boy Soldier
689862202|Mrs. Frisby and the Rats of NIMH
751514624|Different Seasons
60529962|The Little House Collection
143035479|The Girls' Guide to Hunting and Fishing
380813815|Lamb: The Gospel According to Biff, Christ's Childhood Pal
1577314808|The Power of Now
399159010|Let's Pretend This Never Happened (A Mostly True Memoir)
553804677|The Lies of Locke Lamora
64471837|Sabriel
441017150|Dead and Gone
1439102767|The Storyteller
1620610078|Obsidian
345418905|Life, the Universe and Everything
1619630621|Crown of Midnight
1932664084|Scott Pilgrim, Volume 1: Scott Pilgrim's Precious Little Life
1416586288|Half Broke Horses: A True Life Novel
61020680|Mort
067168390X|Lonesome Dove
393324826|Stiff: The Curious Lives of Human Cadavers
1595143173|Bloodlines
765342405|Ender's Shadow
385342020|Twenties Girl
340606517|Schindler's Ark
452287065|The Bluest Eye
1416563687|The White Queen
345350685|The Autobiography of Malcolm X
345465083|Seabiscuit
038073186X|Shutter Island
553328255|The Complete Sherlock Holmes
198320272|The Tragedy of Julius Caesar
307408841|In the Garden of Beasts: Love, Terror, and an American Family in Hitler's Berlin
074347757X|The Taming of the Shrew
312642970|Cress
006621131X|Just Kids
767905180|Jemima J
451527887|Notre-Dame de Paris
140003065X|A Fine Balance
836220889|Calvin and Hobbes
689865406|Specials
543898083|The Awakening
031237982X|Hunted
1401303277|For One More Day
425144372|Clear and Present Danger
60513098|Falling Up
2020336464|Trainspotting
553803727|Foundation and Empire
1878424505|The Four Agreements: A Practical Guide to Personal Freedom, A Toltec Wisdom Book
743296435|House Rules
744583276|From the Mixed-Up Files of Mrs. Basil E. Frankweiler
1476727651|Doctor Sleep
140285679|About a Boy
7173687|One Fish, Two Fish, Red Fish, Blue Fish
553213873|The Story of My Life
052595127X|This Is Where I Leave You
446563080|Abraham Lincoln: Vampire Hunter
743482832|The Tempest
1905654944|Burned: A House of Night Novel
340829788|Wizard and Glass
385351399|The Circle
439813786|The Invention of Hugo Cabret
778316556|The Good Girl
1250049377|Landline
1905654588|Tempted
375706674|No Country for Old Men
7230206|Wolf Hall
006441034X|Howl's Moving Castle
2226131906|Dreamcatcher
691096120|Walden; or Life in the Woods
571225381|The Remains of the Day
446547654|The Best of Me
224094157|The Sense of an Ending
312938993|A is for Alibi
1400067111|Shanghai Girls
143039091|The Wind in the Willows
037571457X|Persepolis
1420925431|A Room with a View
316084239|The DUFF: Designated Ugly Fat Friend
067001088X|Lock and Key
399151575|Naked in Death
385339666|The Chamber
812993292|The Unlikely Pilgrimage of Harold Fry
307931889|Every Day
312861877|Xenocide
743477561|The Merchant of Venice
1619634449|A Court of Thorns and Roses
068983568X|Chicka Chicka Boom Boom
140286276|The Deep End of the Ocean
345457374|The Bonesetter's Daughter
60288140|Angus, Thongs and Full-Frontal Snogging
374214913|Mr. Penumbra's 24-Hour Bookstore
743496310|Flowers in the Attic
590452037|Maniac Magee
99285444|Invisible Monsters
743482778|Twelfth Night; or, What You Will
385732562|Gathering Blue
014240120X|The Westing Game
345539788|Red Rising
316033677|The Way of Shadows
812474945|The Bean Trees
1476712980|Walking Disaster
765326361|Words of Radiance
076360013X|Guess How Much I Love You
440221668|The Fiery Cross
450042685|Night Shift
1400064562|Jaws
393328627|The History of Love
743270754|Team of Rivals: The Political Genius of Abraham Lincoln
441018645|Dead in the Family
679720219|La peste
439206480|The Reptile Room
145162137X|Brain on Fire
61214655|Wicked Lovely 
039515023X|Curious George
525457585|Die unendliche Geschichte
1884365302|The Jungle
61662690|The Summoning
684853949|The Man Who Mistook His Wife for a Hat and Other Clinical Tales
006074815X|Storm Island
1860498809|The Blind Assassin
1594747350|Hollow City
375727345|House of Sand and Fog
356500152|The Girl with All the Gifts
067973225X|As I Lay Dying
747532036|Harold and the Purple Crayon
451458125|Fool Moon 
316204366|David and Goliath
61020648|Guards! Guards!
1400078431|The Year of Magical Thinking
006112429X|We Need to Talk About Kevin
1857231589|Rendezvous with Rama
345419626|The Queen of the Damned
159308143X|The Age of Innocence
199291152|The Selfish Gene
142001430|Year of Wonders: A Novel of the Plague
446612731|The Black Echo
452281253|Anthem
1936305623|Gabriel's Inferno
689707495|Cloudy with a Chance of Meatballs
1400068932|Major Pettigrew's Last Stand
425227510|Vision in White
074349671X|The Tenth Circle
1423140567|The Throne of Fire
765348276|Old Man's War
831727527|Gerald's Game
140255559|Two for the Dough
684818701|The Joy of Cooking
60510862|The Forever War
8497597729|Insomnia
812971060|Reading Lolita in Tehran: A Memoir in Books
575079797|The Blade Itself
786851473|The Arctic Incident
743225422|The Shipping News
385755880|All the Bright Places
552562521|The Alchemyst: The Secrets of The Immortal Nicholas Flamel
374203059|The Marriage Plot
61120251|Hija de la fortuna
1476789630|Luckiest Girl Alive
545424925|The Raven Boys
031286504X|I Am Legend and Other Stories
140006208X|Olive Kitteridge
081299499X|Not that Kind of Girl
66620996|Good to Great: Why Some Companies Make the Leap... and Others Don't
803734611|Fire
439236193|White Fang
141651693X|Wolves of the Calla
440238609|His Dark Materials
1480095532|The Edge of Never
006222543X|Reconstructing Amelia
525426582|The One Plus One
312305060|The Hours
1623420024|Wallbanger
316191299|Holidays on Ice
451188462|Desperation
385739168|Passion
385742886|The Kill Order
144477851X|Angelfall
375726403|Empire Falls
1857232097|The Fires of Heaven
803734964|I'll Give You the Sun
009928264X|Survivor
385338708|Shopaholic and Baby
1416524525|The Dark Tower
440241812|Shopaholic Abroad
393316041|Surely You're Joking, Mr. Feynman! Adventures of a Curious Character
545123283|Linger
553609416|The Complete Anne of Green Gables Boxed Set
142437344|A Portrait of the Artist as a Young Man
765302306|The Gathering Storm
451529170|Middlemarch
385339100|The Partner
345538374|The Hobbit and The Lord of the Rings
146109111X|Thoughtless
446350982|Presumed Innocent
045052468X|The Dark Half
316001929|Cleopatra: A Life
374292795|The World Is Flat: A Brief History of the Twenty-first Century
385743564|Steelheart
553213970|Voyage au centre de la Terre
61583251|The Happiness Project
679740678|The Man in the High Castle
393322238|Helter Skelter: The True Story of The Manson Murders
812970063|Inferno
670023485|Shadow of Night
345544927|Leaving Time
441013813|Moon Called
786838922|Blue Bloods
812976142|The Alienist
812993543|Between the World and Me
140424393|Paradise Lost
393072231|The Big Short: Inside the Doomsday Machine
1416524290|The Girl Who Loved Tom Gordon
1406311529| A Monster Calls 
765325942|Towers of Midnight
553266306|The Day of the Jackal
525951989|Attachments
739352350|The Twilight Saga
679644199|Tell the Wolves I'm Home
312965788|All Creatures Great And Small
312966091|Three to Get Deadly
1576469239|The Scarlet Pimpernel
037582913X|The Monster at the End of This Book
425193799|Tales of a Fourth Grade Nothing
805094598|Shadow and Bone
770437850|Het diner
399256776|Champion
2266079999|Contact
525423281|Lola and the Boy Next Door
375703861|White Teeth
62107062|American Sniper: The Autobiography of the Most Lethal Sniper in U.S. Military History
1582346186|My Horizontal Life: A Collection of One-Night Stands
61974552|The Power of Six
1594488398|The Interestings
836218051|The Essential Calvin and Hobbes: A Calvin and Hobbes Treasury
067001821X|People of the Book
1439152802|The Secret Keeper
330491237|So Long, and Thanks for All the Fish
055381706X|The Surgeon
670026611|The Girl You Left Behind
6480101|Royal Assassin
345347951|Childhood's End
763625299| The Tale of Despereaux
60852550|Animal, Vegetable, Miracle: A Year of Food Life
1619630656|Heir of Fire
385342306|The Sweetness at the Bottom of the Pie
785263705|Blue Like Jazz: Nonreligious Thoughts on Christian Spirituality
385340397|A Breath of Snow and Ashes
1484724917|The Blood of Olympus
1250069793|Truly Madly Guilty
1607066017|Saga, Volume One
316126691|The Art of Fielding
99285045|A Moveable Feast
1590385810|Fablehaven
64407683|The Wide Window
451458443|Grave Peril
1476717486|Effortless
385339097|The Street Lawyer
014034893X|Roll of Thunder, Hear My Cry
1594743347|Pride and Prejudice and Zombies
316154695|Lets Explore Diabetes with Owls
671746723|Dirk Gently's Holistic Detective Agency
804138141|Why Not Me?
62285688|Four: A Divergent Collection
1594206279|Modern Romance
61992259|The One and Only Ivan
393050327|The Perfect Storm: A True Story of Men Against the Sea
765350378|Elantris
1406310255|The Knife of Never Letting Go
312199430|One Thousand White Women: The Journals of May Dodd
743296419|Handle with Care
1416521496|Song of Susannah
525423664|Reached
99578514|Midnight's Children
1400049628|The Zombie Survival Guide: Complete Protection from the Living Dead
440234743|The Testament
1579126251|Murder at the Vicarage
1416924981|Among the Hidden 
1594201455|In Defense of Food: An Eater's Manifesto
440995779|The Witch of Blackbird Pond
440241898|Shopaholic Ties the Knot
141439610|The Woman in White
316349933|Career of Evil
1416968237|The Summer I Turned Pretty
312966970|Four to Score 
1573225789|The Color of Water: A Black Man's Tribute to His White Mother
60889578|SuperFreakonomics: Global Cooling, Patriotic Prostitutes, and Why Suicide Bombers Should Buy Life Insurance
385339151|Darkfever
312857063|Stone of Tears
312554168|Heart of the Matter
141439831|Vanity Fair: A Novel Without a Hero
1857988841|The Sirens of Titan
2266047426|Dolores Claiborne
62414216|The Nest
1563899426|Fables, Volume 1: Legends in Exile
446671002|The Celestine Prophecy
803736991|My Life Next Door 
525952926|Winter of the World
033041836X|Lucky
140679239X|To The Lighthouse 
425197549|Guilty Pleasures
375836675|The Messenger
141439653|Far from the Madding Crowd
60855908|Equal Rites
038560310X|House of Leaves
385537131|Sycamore Row
312650248|Awakened
152061548|Life As We Knew It
713998946|America (The Book): A Citizen's Guide to Democracy Inaction
1455520659|The Longest Ride
312995059|Kane and Abel
743496744|Change of Heart
312423799|Dry: A Memoir
446613347|Sam's Letters To Jennifer
1101946342|Grey
441172695|Dune Messiah 
6280560|The Great Divorce
1416528636|Little Earthquakes
517092913|Eventyr og historier
553213172|Anne of the Island
140047484|Also sprach Zarathustra
140620192|North and South
1451629184|A Stolen Life
752224417|The Lost World
62014536|Requiem
812550285|A Crown of Swords
192840509|Aesopica
679728759|Blood Meridian: Or the Evening Redness in the West
1442426675|Finale
751504386|Skeleton Crew
99437961|Lullaby
451458923|Summer Knight
345484266|Dragonflight
014100018X|Chocolat
553116606|The Amityville Horror
771068719|The English Patient
192839993|Dubliners
1400063736|Let the Great World Spin
141321318|The Eternity Code
440236703|Tell No One
1423121309|Hex Hall
60512806|Cryptonomicon
1476730105|Beautiful Bastard
60959037|Prodigal Summer
452282829|We Were the Mulvaneys
316077054|Beautiful Darkness
1594485755|The Psychopath Test
743454553|Vanishing Acts
330419641|Absolute Power
312976275|Hot Six
1401322786|The Time Keeper
60590270|A Dirty Job
393324818|Moneyball: The Art of Winning an Unfair Game
078681859X|The Amulet of Samarkand
446580503|I Am America (And So Can You!)
553258478|Exodus
068484477X|Stones from the River
394758285|The Big Sleep
014200068X|Cannery Row 
446585025|Seriously...I'm Kidding
439272637|The Miserable Mill
316175676|The Snow Child
679433139|La Divina Commedia
1405204265|The Tao of Pooh
1620610116|Onyx
812968972|The Birth of Venus
081299860X|The Girls
1582349908|The Goose Girl
60584750|Mystic River
99549344|Warm Bodies
451528352|The Prince and the Pauper
340837942|The Moon is a Harsh Mistress
330371231|High Five
1781162646|Joyland
068480154X|Tender Is the Night
038531258X|Cold Sassy Tree
811214044|The Glass Menagerie
1609450787|L'amica geniale
670022691|Rules of Civility
575077026|Ringworld
399254129|Between Shades of Gray
689818769|Frindle
62065246|The Round House
006223742X|Free Four: Tobias Tells the Divergent Story
385539258|A Little Life
1563899809|Y: The Last Man, Vol. 1: Unmanned
765330423|The Alloy of Law
345452003|The Accidental Tourist
1442408928|Aristotle and Dante Discover the Secrets of the Universe
451528522|The Invisible Man
61122092|Na margem do rio Piedra eu sentei e chorei
1402726023|Der Schweizerische Robinson
450542882|Four Past Midnight
1937044963|The Marriage Bargain
553213148|Anne of Avonlea
448405202|The Little Engine That Could
399162097|We Are All Completely Beside Ourselves
765304740|Children of the Mind
679722769|Ulysses
142401773|Someone Like You
312304358|Moloka'i
99471426|The Witching Hour
1581345283|This Present Darkness
1594634475|Fates and Furies
440243750|Summer Sisters
64400565|Stuart Little
380508567|The Foundation Trilogy
375708111|The Elegant Universe: Superstrings, Hidden Dimensions, and the Quest for the Ultimate Theory
64408639|The Austere Academy
312980140|Seven Up
61662763|The Awakening
451459407|Death Masks
152802177|Stellaluna
575077883|Before They Are Hanged
345494997|Loving Frank
312983867|Hard Eight
60566221|The Vile Village
446359408|Sybil
375508325|Cosmos
1400032822|Haunted: A Novel of Stories
051722285X|The Shell Seekers
1932416641|What Is the What: The Autobiography of Valentino Achak Deng
582416396|A Scandal in Bohemia
307265749|The Lowland
142406635|The Ruins of Gorlan
067001110X|Wintergirls
385339674|The Brethren
553565699|Assassin's Quest
451194004|Rosemary's Baby
375507779|The Talisman
812550293|The Path of Daggers
140042520|The Dharma Bums
1841497126|The Reckoning
1400067553|Behind the Beautiful Forevers: Life, Death, and Hope in a Mumbai Undercity
152058109|Mary Poppins
553804685|Red Seas Under Red Skies
679734775|The House on Mango Street
670018708|City of Thieves
61245089|Halfway to the Grave
141318309|The Twits
60278250|Abhorsen
446612545|The Beach House
751504572|Eyes of the Dragon
441104029|Children of Dune
1841499889|Leviathan Wakes
1619636042|Queen of Shadows
679729771|Maus II : And Here My Troubles Began 
140501827|The Snowy Day
747267634|To the Nines
312554192|Where We Belong
385495226|The Hot Zone: The Terrifying True Story of the Origins of the Ebola Virus
670024856|The Signature of All Things
1592402038|Eats, Shoots and Leaves
60572965|Dead Witch Walking
752898477|An Echo in the Bone
61996165|Unearthly
812577566|Knife of Dreams
440421705|Hoot
1594487367|This is How You Lose Her
553375407|Ishmael: An Adventure of the Mind and Spirit
373210493|Pushing the Limits
439321611|Quidditch Through the Ages
395401461|Miss Nelson Is Missing!
451196716|The Long Walk
60566213|The Ersatz Elevator
385732538|Messenger 
451412354|Lover Revealed
385516487|'Salem's Lot The Illustrated Edition
316057770|The Mysterious Benedict Society
446579807|God is Not Great: How Religion Poisons Everything
61015733|State of Fear
786836547|The Golem's Eye
184243022X|Still Life with Woodpecker
156031663|Those Who Save Us
385340540|The Broker
1595143971|Across the Universe
671250671|The Road Less Traveled:  A New Psychology of Love, Traditional Values, and Spiritual Growth
451459873|Blood Rites
807508527|The Boxcar Children
143123238|The Silent Wife
91940737|How to Be a Woman
676979343|Unaccustomed Earth
316601950|The Pilot's Wife
140283307|White Noise
743464117|Band of Brothers: E Company, 506th Regiment, 101st Airborne from Normandy to Hitler's Eagle's Nest
785819118|On the Origin of Species by Means of Natural Selection or the Preservation of Favoured Races in the Struggle for Life
1891830430|Blankets
61374229|The Story of Edgar Sawtelle
345439104|Drowning Ruth
679744398|All the Pretty Horses
1593082045|Sherlock Holmes: The Complete Novels and Stories, Vol 2
451450523|The Last Unicorn
60577312|Magyk
689848919|Fever 1793
670018864|The Likeness
307408868|Dead Wake: The Last Crossing of the Lusitania
812504690|The Jungle Book
1439177724|I Am Pilgrim
872863107|Howl and Other Poems 
073380084X|Don't Sweat the Small Stuff
1617750255|Go the Fuck to Sleep
345418778|Mostly Harmless
385343833|The Tiger's Wife
778324338|Poison Study
451222350|Lover Unbound
60502932|Going Postal
967686563|The Book of Mormon
451223292|The Mist
045146091X|Dead Beat
345539826|Golden Son
055215430X|Night Watch
61020702|The Light Fantastic
316078573|What the Dog Saw and Other Adventures
62430874|Pretty Girls
575077905|Last Argument of Kings
1476770387|Revival
679800034|Horton Hears a Who!
60590165|Lirael
316155594|School's Out Forever
312642989|Winter
141439734|The Strange Case of Dr. Jekyll and Mr. Hyde and Other Tales of Terror 
345503805|The Painted Man
440241022|One Shot
1423140575|The Serpent's Shadow
1416552510|Duma Key
330448447|The Shifting Fog
451461037|Proven Guilty
618084746|The Heart is a Lonely Hunter
441627404|The Once and Future King
552152978|Small Gods
385323069|Bud, Not Buddy
7148984|The Indian in the Cupboard
765325950|A Memory of Light
1419701762|Me and Earl and the Dying Girl
446696633|2nd Chance
141014083|The Complete Maus
142001805|The Eyre Affair
345373944|Anne Rice's The Vampire Lestat: The Graphic Novel
1573221112|The Art of Happiness: A Handbook for Living
1400065674|The Bone Clocks
385333137|Black and Blue
385339682|The Last Juror
1400032814|Diary
312985347|Eleven on Top
439554004|Tintenblut
743236017|Sex, Drugs, and Cocoa Puffs: A Low Culture Manifesto
316926345|Brideshead Revisited: The Sacred and Profane Memories of Captain Charles Ryder
451461401|White Night
62306812|The Miniaturist
786915749|Dragons of Autumn Twilight
786849568|The Lost Colony
1416951172|Extras
399244557|The Burning Bridge
670025593|The Book of Life
067084487X|The Stinky Cheese Man and Other Fairly Stupid Tales
61147958|Horns
385528779|The Year of the Flood
312364121|Winter Garden
385339658|The King of Torts
1579126278|The Murder of Roger Ackroyd
006083756X|Native Son 
316033650|Shadow's Edge
1907411054|Under the Never Sky
044669651X|True Believer
1595143181|The Golden Lily
345335457|Magician's Gambit
1594481938|A Long Way Down
340640146|Rose Madder
316123528|Beautiful Chaos
60878061|Keeping Faith
61147931|Heart-Shaped Box
1416543007|Everyone Worth Knowing
1862301387|Redwall
140447571|Manifest der Kommunistischen Partei
1501132938|The Woman in Cabin 10
553213296|The Last of the Mohicans: A Narrative of 1757
679736379|Sophie's Choice
044024191X|Shopaholic and Sister
373210132|The Iron Daughter
812983602|The Age of Miracles
786868724|Have a Little Faith: A True Story
1400043468|My Life in France
1922182109|The Rosie Effect
375825444|Flipped
670035386|Make Way for Ducklings
765354942|Relic
380727501|Notes from a Small Island
451461894|Small Favor
1599900734|Princess Academy
553496646|Everything, Everything
486282228|Pygmalion
62124269|Flight Behavior
140298479|Bridget Jones: The Edge of Reason
067976397X|Captain Corelli's Mandolin
446698466|At First Sight
767903862|Down Under
192123092|The Memoirs of Sherlock Holmes
812992792|The Orphan Master's Son
345300785|Enchanters' End Game
375714839|Persepolis
449213447|The Chosen
451171357|The Agony and the Ecstasy: A Biographical Novel of Michelangelo
64441555|Amelia Bedelia
765326264|A Dog's Purpose 
1595148035|An Ember in the Ashes
451222725|Lover Enshrined, part one
62110837|The Golem and the Jinni
64410137|The Slippery Slope
143037617|Bleak House
64431436|Caps for sale: a tale of a peddler, some monkeys and their monkey business
044101268X|Furies of Calderon 
689878559|Alanna: The First Adventure
224085611|Her Fearful Symmetry
1439199353|The Boston Girl
451225856|Lover Enshrined, part two
553288202|The Fall of Hyperion
446698873|The Black Dahlia
688120490|Through the Looking-Glass, and What Alice Found There
743246985|Wild Swans: Three Daughters of China
394800206|Go, Dog. Go!
1501100130|Finders Keepers
61558230|The Strain
316184136|The Complete Poems of Emily Dickinson
60935472|Old Yeller
7119550|A Storm of Swords: Part 2 Blood and Gold
152047379|The Borrowers Afield
340818670|Hearts in Atlantis
743246071|The Queen's Fool
1842430351|Jitterbug Perfume
1423157370|The Darkest Minds
1846558913|In a Dark, Dark Wood 
1844082938|The House of Mirth
756410436|The Slow Regard of Silent Things
451229851|Lover Avenged, part one
141001828|In the Heart of the Sea: The Tragedy of the Whaleship Essex
743289684|Infidel
345504984|The Twelve
553380966|The Diamond Age
60892994|A Canticle for Leibowitz
1439138311|Brooklyn
1442409053|Wither
62300547|Hillbilly Elegy. A Memoir of a Family and Culture in Crisis
312864590|Crossroads of Twilight
1580495869|The Red Badge of Courage
765348780|Gardens of the Moon
440401585|A Swiftly Tilting Planet
043977134X|Gregor the Overlander
1439102724|Sing You Home
345419634|The Tale of the Body Thief
446615625|The Camel Club
316155608|Saving The World and Other Extreme Sports
812551478|Blood of the Fold
743272501|The Boleyn Inheritance
385683421|A Spool of Blue Thread
385542364|The Underground Railroad
786838930|Masquerade
373210183|The Iron Queen
988393506|Losing It
385535144|The Racketeer
143036378|Disgrace
525444440|The House at Pooh Corner
316075558|The Black Prism
143036696|The Mermaid Chair
64440206|Frog and Toad Are Friends
64410129|The Carnivorous Carnival
345348109|The Killer Angels
786818611|Ptolemy's Gate
553214322|The Island of Dr. Moreau
1620610094|Opal
1934781630|Zeitoun
1453688935|Switched
99303744|Disclosure
307959856|Death Comes to Pemberley
142437808|Ethan Frome
385720106|A Map of the World
141693586X|The Gift of the Magi
553380648|The Electric Kool-Aid Acid Test
802140181|The Naked Lunch
156389226X|The Sandman: Dream Country
385337930|A Painted House
441007317|The Left Hand of Darkness
1439192561|Full Dark, No Stars
805095152|Being Mortal: Medicine and What Matters in the End
553582917|Intensity
1406914835|Et dukkehjem
375760377|Hawaii
413757102|Revolutionary Road
802132758|Rosencrantz and Guildenstern are Dead
545259088|Forever
1573226521|The Beach
143145541|Saving CeeCee Honeycutt
575096578|Deadlocked
1416524355|Everything's Eventual: 14 Dark Tales
192750968|Beezus and Ramona
141650964X|The Farthest Shore
99556316|Airframe
553564943|Magician
038553714X|Gray Mountain
034541005X|The Power of One
752865331|The Maltese Falcon
312364423|Night Road
515128635|Tripwire
045146317X|Changes
670674249|The Story of Ferdinand
140436588|Ivanhoe
312936222|Ten Big Ones
446690457|The Poet
61257095|The Shoemaker's Wife
014240165X|Alex Rider: Stormbreaker
1590860624|Without Fail 
057507681X|A Scanner Darkly 
1416534733|A Connecticut Yankee in King Arthur's Court
312349486|Twelve Sharp
689845367|The Tombs of Atuan
451462564|Turn Coat
140439072|The Sign of Four
096319254X|Memnoch The Devil
385733585|The Magician: The Secrets of The Immortal Nicholas Flamel
689832133|Click, Clack, Moo: Cows That Type
441015662|Iron Kissed
380714752|The True Confessions of Charlotte Doyle
1565125967|A Reliable Wife
380729407|Something Wicked This Way Comes
140003342X|Song of Solomon
394298667|Red Storm Rising
802139256|Peace Like a River
385517874|Rant: An Oral Biography of Buster Casey
812565959|Shadow of the Hegemon
307021343|The Poky Little Puppy (a Little Golden Book)
440235596|Tara Road
441014739|Blood Bound
451464400|Cold Days
399154094|The Friday Night Knitting Club
312330863|All Things Bright and Beautiful
316921173|Infinite Jest
812967127|The Day of the Triffids
62041266|The Sisters Brothers
61922315|Secret Daughter
375822070|Fantastic Mr Fox
141183535|A Room of One's Own
1903436575|Sonnets
1627792120|Six of Crows
849900417|Same Kind of Different as Me
1250049555|Carry On
812973011|Mountains Beyond Mountains: The Quest of Dr. Paul Farmer, a Man Who Would Cure the World
7423292|Prince of Thorns
385265700|The Book of Ruth
60872985|Next
1416523715|Leaves of Grass
014303961X|Lady Chatterley's Lover
043402080X|The Magician King
743418719|Salem Falls
345403959|Belgarath the Sorcerer
575070706|The Great Dune Trilogy
1400067693|My Name Is Lucy Barton
553805487|Garden Spells
045146379X|Ghost Story
345468643|Pawn of Prophecy
312349491|Lean Mean Thirteen
451529758|The Jungle Books
451219945|Glass Houses
785121447|The Dark Tower: The Gunslinger Born
670026638|A Tale for the Time Being
385334141|Mother Night
451526759|The Fall of the House of Usher and Other Writings
440416795|Harriet the Spy
1594633118|The Paying Guests
553588265|Forever Odd
767919386|At Home: A Short History of Private Life
312948557|Still Life
143038109|The Kitchen God's Wife
61974587|The Rise of Nine
385731051|The Second Summer of the Sisterhood
425181103|Phantoms
60012382|The Wee Free Men
385344430|Written in My Own Heart's Blood
671742515|The Long Dark Tea-Time of the Soul
804179034|Uprooted
804137250|Armada
385339593|The Summons
078670621X|Endurance: Shackleton's incredible voyage
1101904224|Dark Matter
62310666|Glass Sword
385737424|When You Reach Me
553381342|The Bonfire of the Vanities
1101875046|In the Unlikely Event
553119222|Death on the Nile
689862229|Shiloh
805094601|Siege and Storm
1416971734|Leviathan
6498523|Hide and Seek
743470125|Goodnight Nobody
60921145|Animal Dreams
345416260|Pope Joan
679776818|Birdsong
345443284|While I Was Gone
1423108361|The Time Paradox
059044297X|An Itchy Day
803734735|Bitterblue
61020664|Wyrd Sisters
1301347949|Real
62200577|NOS4A2
140434747|The Tenant of Wildfell Hall
965476022|The Black Stallion
64410145|The Grim Grotto
8424133498|Strega Nona
983212546|Playing for Keeps
452286034|Bitten
545424941|The Dream Thieves
141439637|The Portrait of a Lady
486290727|The Raven
486298574|The Yellow Wallpaper
1455561789|Before the Fall
836204387|The Calvin and Hobbes Tenth Anniversary Book
1596912855|Austenland
385523238|At the Water's Edge
451197968|The Running Man
031242440X|Gilead
006091307X|The Crying of Lot 49
525953094|Edge of Eternity
8498000831|Ubik
1857231511|The Sword of Shannara
99297701|Hannibal
60586133|Three Wishes
743466527|Fall on Your Knees
054522490X|The Scorpio Races
345539842|Morning Star
441005764|Mossflower
1250077001|Furiously Happy
312986343|Visions of Sugar Plums
1405910216|On the Island
1439164630|Left Neglected
765316994|Redshirts
61245097|One Foot in the Grave
60890681|The Last Anniversary
312349513|Fearless Fourteen
7174160|A Bear Called Paddington
440800463|Ramona Quimby, Age 8
446364800|The General's Daughter
1405206128|The Hostile Hospital
451219422|The Omen
446572993|The Innocent
446402397|Child 44
60987510|These Is My Words: The Diary of Sarah Agnes Prine, 1881-1901, Arizona Territories
425260933|The Hypnotist's Love Story
440339340|Worth Dying For
031601477X|Sundays at Tiffany's
743418735|Perfect Match
081297235X|Prep
3442723434|Alias Grace
316056634|Soulless
689878567|In the Hand of the Goddess
446614831|3rd Degree
385480016|Bird by Bird: Some Instructions on Writing and Life
553296124|Heir to the Empire
689878575|Lioness Rampant
042510687X|Outbreak
1594631573|The Vacationers
1857988094|I Am Legend 
015204566X|Dealing with Dragons
515130974|The Visitor
425205819|Rules Of Prey
7149824|The Yiddish Policemen's Union
345528670|The Aviator's Wife
593065700|The Affair
205313426|The Elements of Style
140620613|The Turn of the Screw
743294297|Best Friends Forever
156865054X|The Mote in God's Eye
1401308201|Wicked: The Grimmerie, a Behind-the-Scenes Look at the Hit Broadway Musical
074348486X|As You Like It
1563892618|Preacher Vol. 1: Gone to Texas
451528921|Cyrano de Bergerac
1841496863|Bone Crossed
159514319X|The Indigo Spell
385341652|Dreamfever
316010707|Case Histories
1563892251|The Doll's House
689849109|Pollyanna
1490904387|Dust
1439102759|Lone Wolf
385341679|Shadowfever
385517831|The Associate
1595406557|The Merry Adventures of Robin Hood
679781498|Less Than Zero
670021873|Faithful Place
802122558|Euphoria
586008357|The Caves of Steel
380709244|The Mouse and the Motorcycle
575090855|The Forest of Hands and Teeth
736693416|The Elfstones Of Shannara
316074314|The Luminaries
553588257|Velocity
316779423|Barrel Fever: Stories and Essays
552152951|Reaper Man
143037749|On Beauty
345335708|Castle of Wizardry
451233166|Lover Avenged, part two
345469011|A Widow for One Year
7157150|Out of the Silent Planet
142404128|Charlie and the Great Glass Elevator: The Further Adventures of Charlie Bucket and Willy Wonka, Chocolate-Maker Extraordinaire
684853159|The Wasp Factory
140006788X|Night Film
385536976|Crazy Rich Asians
385733410|Rebel Angels
038533916X|Bloodfever
385341636|Faefever
159474758X|Library of Souls 
486424545|Howards End
140439242|Le Vicomte de Bragelonne, ou Dix ans plus tard
60885432|Little Town on the Prairie
312181108|I Capture the Castle
312383282|Finger Lickin' Fifteen
451200810|North and South
044101819X|Silver Borne
752858491|The Bourne Ultimatum
6486010|Fool's Errand
078684907X|Peter and the Starcatchers
143036556|Collapse: How Societies Chose to Fail or Succeed
679735909|Possession
425143325|Without Remorse
671685635|Ghost Story
64410153|The Penultimate Peril
076790382X|Notes from a Big Country
64410161|The End
143035746|The Liars' Club: A Memoir
193700788X|Dead Ever After
000712774X|The Illustrated Man
60775823|The Runaway Bunny
385517238|The Innocent Man
452277752|The Bachman Books
812551494|Soul of the Fire
345434803|The Vampire Armand
054762834X|Grave Mercy
802131786|Tropic of Cancer
60393491|The Hour I First Believed
345534182|Circling the Sun
142000701|Travels with Charley: In Search of America
145161747X|The Dovekeepers
553804693|The Republic of Thieves
1903434777|Herr der Diebe
553804804|Brother Odd
451208641|Black Like Me
1400076196|Saturday
446364495|The Bridges of Madison County
593057058|Gone Tomorrow
805090037|Bring Up the Bodies
1842430246|Even Cowgirls Get the Blues
375757856|The Moonstone
60747226|Son of a Witch
224081187|On Chesil Beach
751530484|Point of Origin
618062416|Sarah, Plain and Tall
60735414|Bloodsucking Fiends
316038393|Squirrel Seeks Chipmunk: A Modest Bestiary
62491792|Commonwealth
670175919|Blueberries for Sal
743289412|Lisey's Story
61092193|Men at Arms
743291476|The Year of Living Biblically: One Man's Humble Quest to Follow the Bible As Literally As Possible
575075066|God Emperor of Dune
553381660|The Valley of Horses
192750976|Ramona the Pest
375713344|Geek Love
553375938|Girls in Pants: The Third Summer of the Sisterhood
525950125|The Woods
1841492612|New Spring
1444729705|The Litigators
679731148|A Year in Provence
345298349|Gorky Park
439771277|Out of the Dust
1405258217|Code Name Verity
425201449|The Body Farm
072325804X|The Complete Tales of Beatrix Potter
99771810|American Pastoral
451464397|Skin Game
61474096|Anathem
60852577|The Lacuna
552154288|Hogfather
345435168|Open House
1451661509|The Silver Star
552992097|The Hotel New Hampshire
425204669|The Laughing Corpse
307932230|Smokin' Seventeen
7158505|The Sneetches and Other Stories
385333471|God Bless You, Mr Rosewater or Pearls before Swine
1597801577|The Windup Girl
525425632|Isla and the Happily Ever After
441014895|Magic Bites
61020672|Sourcery
156512569X|Mudbound
765376458|A Darker Shade of Magic
385743580|Firefight
385340583|61 Hours
224064908|George's Marvellous Medicine
1400033837|A Thousand Acres
805080481|The Book of Three
441016154|Cry Wolf
689829531|Olivia
375705856|Plainsong
670021040|Caleb's Crossing
385340559|Bad Luck and Trouble
452286530|The Jane Austen Book Club
385539703|The Children Act
739377728|Sizzling Sixteen
1400063973|The 19th Wife
743493915|Body of Evidence 
345522478|Hounded
743211375|From a Buick 8
1593083254|The Time Machine and The Invisible Man
1619636077|Empire of Storms
380789027|Smoke and Mirrors: Short Fiction and Illusions
385333501|Welcome to the Monkey House
312367481|Tikki Tikki Tembo
446608815|Pop Goes the Weasel
571171788|Pigs in Heaven
074326195X|Cry, The Beloved Country
60987529|Confessions of an Ugly Stepsister
3426615355|How to Be Good
553293389|Foundation's Edge
486452433|Jude the Obscure
345335651|Queen of Sorcery
374529531|The Lottery: Adventures of the Demon Lover
1400067685|The Burgess Boys
1444705105|Broken Harbor
517053616|The Complete Works
61054887|The Dispossessed
385528043|The Confession
425192032|Lightning
142408808|Superfudge
765340747|The Pillars of Creation
1616149981|The Life We Bury
425201376|The Lunatic Cafe
080508049X|The Black Cauldron
451235843|Lover Reborn
375508333|A Raisin in the Sun
425184226|The Sum of All Fears
440241014|The Enemy
6551815|'Tis: A Memoir
451218590|Who's Afraid of Virginia Woolf?
015603297X|Il pendolo di Foucault
067056172X|A Pocket for Corduroy
1594831114|The 5th Horseman
345527712|Explosive Eighteen
385729367|Forever in Blue: The Fourth Summer of the Sisterhood
552153257|Feet of Clay
1842430343|Skinny Legs and All
61941026|We Are Water
64404773|Beauty: A Retelling of the Story of Beauty and the Beast
553582461|Fool's Fate
425205673|Bloody Bones
006057299X|Every Which Way But Dead
1400068320|Eligible
765340054|Shadow Puppets
679732268|Light in August
64408671|The Trumpet of the Swan
60885416|By the Shores of Silver Lake
99471434|Lasher
1594487014|The Chaperone
451191013|The Regulators
1563890356|The Sandman: Season of Mists
1416500340|Silas Marner: The Weaver of Raveloe
1622660757|Origin
439295785|Kidnapped
1594561869|The Cask of Amontillado
014044789X|Metamorphoses
140169300|Angle of Repose
743457900|Tinker, Tailor, Soldier, Spy
811216012|Cat on a Hot Tin Roof
553582453|The Golden Fool
515133310|Echo Burning
446605484|Roses Are Red
014144116X|A Passage to India
553381644|The Mammoth Hunters
441016383|Princeps' Fury
316952664|The Winds of War
1416928170|Bunnicula: A Rabbit-Tale of Mystery
440241006|The Persuader
312270828|The Satanic Verses
044101769X|First Lord's Fury
385343663|The Imperfectionists
61020656|Pyramids
449911659|Rabbit, Run
590319671|Little Bear
146000110|The Pit and the Pendulum
055215315X|Lords and Ladies
552152676|Thud!
142401110|My Side of the Mountain 
451159535|Coma
805066691|Bury My Heart at Wounded Knee: An Indian History of the American West
345459407|Perdido Street Station
61020613|Witches Abroad
014043769X|The Sketch Book of Geoffrey Crayon, Gent
441328008|Heretics of Dune
441015271|Captain's Fury
307263991|Swamplandia!
057506689X|Soul Music
034547063X|Black House 
441013406|Academ's Fury
446676438|When the Wind Blows
440226708|The Incredible Journey
143036661|March
446611212|Violets Are Blue
99399016|Portnoy's Complaint
385491026|Cat's Eye
1841492051|Shadow of the Giant
99481685|Skipping Christmas
375702709|A Lesson Before Dying
606298231|Rising Sun
425169693|Here on Earth 
679436545|Taltos
385515049|The Appeal
689878583|The Woman Who Rides Like a Man
055255264X|A Hat Full of Sky
441014348|Cursor's Fury
449912558|The Sparrow
552152943|Moving Pictures
99498596|Circle of Friends
60515228|Fragile Things: Short Fictions and Wonders
61031321|Thief of Time
385721420|Three Junes
552154229|The Fifth Elephant
385722206|Balzac et la Petite Tailleuse chinoise
64400581|Julie of the Wolves
451530179|Of Human Bondage
395169615|Mike Mulligan and His Steam Shovel
61161640|Making Money
618164413|The Complete Adventures of Curious George
380821214|Eric
1563890933|The Sandman: A Game of You
440184622|Tai-Pan
413771164|The Truth
1416584080|Just After Sunset
552154164|Jingo
689878362|Stone Soup (Stories to Go!)
61051586|Carpe Jugulum
575058080|Maskerade
552154180|The Last Continent